Name,MW,LogP,HBA,HBD,TPSA,RotatableBonds,Veber_Pass,PAINS_Alerts,PAINS_Details,Toxicity_Alerts,Predicted_Toxicity,Estimated_LD50
Aspirin,180.15899999999996,1.3101,3,1,63.60000000000001,2,True,0,[],0,Low,>5000 mg/kg
Paracetamol,151.165,1.3505999999999998,2,2,49.33,1,True,0,[],0,Low,>5000 mg/kg
Caffeine,194.194,-1.0293,6,0,61.82,0,True,0,[],0,Low,>5000 mg/kg
Paclitaxel,590.6690000000002,4.508100000000004,9,1,125.43,6,True,0,[],0,Low,>5000 mg/kg
Vincristine,537.6130000000003,2.7246000000000006,8,3,132.40000000000003,3,True,0,[],0,Low,>5000 mg/kg
Irofulven,222.19599999999997,0.23092000000000007,5,1,76.74000000000001,0,True,0,[],0,Low,>5000 mg/kg
